{"RuleTriggered": 0, "Violations": 0, "Details": {"step_num": {"first": 1616266753156102, "last": 1616266999938301}, "job_start": 1616266582.000381, "job_end": 1616267039.500734}, "Datapoints": 103, "RuleParameters": "threshold:20"}